Review Title,Rating,Review Body,Review Date,Sentiment
good,4.0 out of 5 stars,good,17 June 2024,Positive
Nice,5.0 out of 5 stars,nan,16 January 2024,Neutral
Go for it..,5.0 out of 5 stars,This processor is absolutely incredible with no doubt‚Äôs‚Ä¶ The only this you have to keep in mind that go for atleast 360 AIO for more better performance‚Ä¶,3 September 2023,Positive
Best cpu at this price bracket,5.0 out of 5 stars,"The media could not be loaded.
                



Most powerful cpu at this price bracket no doubt. Amazing performance.love it",28 March 2023,Positive
Just bought it! and working great except the temperatures!!!,5.0 out of 5 stars,This is my best buy so far for gaming and editing. It runs great whatever you throw. Excellent performance so far. Cinebench score is 29000 at 125 TDP.Suggestion: Buy only if you have very good amount of cooler.,14 January 2023,Positive
No title,No rating,Item as described and works perfectly!,30 June 2024,Positive
No title,No rating,"The media could not be loaded.
                



Temp idle 40s.Under load low 70s.2 radiators.",29 June 2024,Negative
No title,No rating,"Great Cpu, worked great out of the box and runs like a dream",26 June 2024,Positive
No title,No rating,ÿßÿØÿßÿ° ŸÖŸÖÿ™ÿßÿ≤,23 June 2024,Neutral
No title,No rating,ŸÖŸÖÿ™ÿßÿ≤ ŸàŸäÿπŸÖŸÑ ÿ®ÿØŸàŸÜ ŸÖÿ¥ÿßŸÉŸÑ Ÿàÿ®ÿØŸàŸÜ ÿ≠ÿ±ÿßÿ±ÿ©ÿ®ÿπÿØ ÿ™ÿ¨ÿ±ÿ®ÿ© ÿ≥ŸÜÿ©,21 June 2024,Neutral
No title,No rating,I upgraded to this 13700k from an 8700k.Huge improvement in speed and general PC performance and whilst running msfs and general gaming.I water cool so temperature not much over 60'c.,21 June 2024,Positive
No title,No rating,Intel new generations are not reliable enough anymore I have tried many different ways to control the temperature of the CPU even I‚Äôm using 360mm watercolor nothing works the performance is very poor due to the high temperature,20 June 2024,Negative
No title,No rating,"Wow welcome to a real gaming cpu. This runs good, have not OC, stays cool with my 360aio. No stability issues, nothing but a great freakn experience. Very happy with this purchase.",16 June 2024,Positive
No title,No rating,"Upgraded to the 13700k from the 11900k and the jump in performance was nothing short of massive. This 13th gen i7 K is officially Intel's fourth fastest CPU on paper but in real life it's the fastest of them all in terms of stability as the the three slated above it (13900k,14700k and 14900k) are all plagued with issues that Intel won't discuss but admits to, albeit grudgingly. Until a fix-all patch is released, the 13700k is the best choice for gamers and content creators who won't be bothered with unpredictable bugs and BSOD fests. What good is it having a Ferrari but with an engine that's goes offline 20 times a day?  May as well go with a Porsche that works. At that level of performance these high-end CPU's more or less all perform equal (or would if they all worked properly), but it's easy to understand the frustration of owners whose 30-day window for return to Amazon is closed.",13 June 2024,Positive
No title,No rating,Good deal and for the delivery,7 June 2024,Positive
No title,No rating,"I would have opted for a slower/cheaper version if I'd known it ran this hot. But it works and will probably be fairly future-proof for a while. Most of what I do doesn't tax it at all, so it's cool and stable.",2 June 2024,Future Expectations
No title,No rating,"Senza cooler, senza packo original intel",27 May 2024,Positive
No title,No rating,Sent a used CPU box said ‚Äúthanks to you this product has a new life‚ÄùNo where does it say this is used product,25 May 2024,Neutral
No title,No rating,I am a team blue guy. And I think this is a great cpu for the money. Currently running at 5200 and very stable.,17 May 2024,Positive
No title,No rating,"Purchased on sale for $334. The 13700k is the best value CPU if you require enough speed for high-end gaming + productivity (e.g. video editing/rendering, streaming, multitasking, etc). This thing is fast. I was able to undervolt it and overlock it to 5.5 Ghz (all p-core) and 4.4 Ghz (all e-cores). I could go higher if I wanted to spend more time on it, but this was a quick overclock. Perfectly stable and runs (relatively)cool with the undervolt. Intel is still my preference for CPUs and I don't foresee that changing, especially with all of the issues I've read regarding AMD chips (boot up issues, crashes, poor multi-core performance).",16 May 2024,Competition Sentiment
No title,No rating,ÁµÑ„Çì„Åß„Åô„Åê„Å´ÁÜ±Êö¥Ëµ∞„Åß„Éñ„É´„Éº„Çπ„ÇØ„É™„Éº„É≥„Å´Êàê„ÇäÁèæË™çËøΩÂèä„ÅÆÁÇ∫„Å´„ÄÅÊ∞¥ÂÜ∑Âåñ„É°„É¢„É™„Éº‰∫§Êèõ„ÄÅ„Ç∞„É©„Éú‰∫§Êèõ„ÄÅÈõªÊ∫ê‰∫§Êèõ„ÄÅ„Åó„Åæ„Åó„Åü„ÅåÂÖ®„ÅèÊîπÂñÑ„Åï„Çå„Åö„ÄÅÂêåÊôÇ„Å´Ë≤∑„Å£„Åüi5 1360KF„Å®ÂÖ•„ÇåÊõø„Åà„Å¶„Åø„ÅüÁµêÊûúCPU„ÅåÂéüÂõ†„Å®Áô∫Ë¶ö„ÄÅÂ±ä„ÅÑ„Å¶Áõ¥„Åê„Å´ÂàÜ„Åã„Çã„ÅØ„Åö„Å™„ÅÑ„Åó„ÄÅÈ´ò‰æ°„Å™Ë≤∑„ÅÑÁâ©„Åß„Åì„ÅÆ‰øùË®ºÊúüÈñì„ÅØÁü≠„Åô„Åé„ÄÅCPU„ÅØÂÆâ„Åè„Å™„ÅÑ„ÅÆ„Åß„ÄÅË≤∑„ÅÑÊõø„Åà„ÅØ„Åæ„Å†„Åæ„Å†ÂÖà„ÄÅÂá∫Êù•„Çã„Ç≤„Éº„É†„ÇÇÈôê„Çâ„Çå„ÅüÁä∂ÊÖã„Åß„Åó„Å∞„Çâ„ÅèÊàëÊÖ¢„ÅÆÊó•„ÄÖÊúÄÊÇ™„Åß„Åô„ÄÇ,13 May 2024,Neutral
No title,No rating,A very good midrange processor. I've use one for years and it has always worked well for me.,11 May 2024,Positive
No title,No rating,"Overlocking the crap out of this with liquid cooling. Rock solid - not a blue screen in site. Dedicate 8 cores to a VM with no appreciable decline in bare metal OS operation. Temps are higher with the same cooler as compared to 12700k (12700k running 30-40C under load, this jumps to the 50-60C area pretty quick.",10 May 2024,Neutral
No title,No rating,nan,6 May 2024,Neutral
No title,No rating,"El producto lleg√≥ defectuosoNo sirve, se instal√≥ en la board y no da v√≠deo, lleg√≥ Muerto, me parece muy mal que Amazon no tenga control de calidad en sus productosEs un dolor de cabeza hacerla devoluci√≥n y cuando preguntas nadie sabe nada, nadie soluciona nada",26 April 2024,Negative
No title,No rating,Muy buena marca,24 April 2024,Neutral
No title,No rating,I got this CPU to upgrade from my 11th gen i7-11700KF Processor. Temps are a slight bit toasty compared to my 11th gen CPU but pairs real well with my 4070 ti.,19 April 2024,Positive
No title,No rating,I‚Äôm very happy with this processor.,13 April 2024,Positive
No title,No rating,"The media could not be loaded.
                



Replacement from the core i5-12700kf; booted right away, all cores shown & while undercooked works perfectly! Baby in the background couldn't believe it. Thank you Amazon for coming through once again with a formidable solution. Paid the extra $100 to make sure the problem of the i5 did not continue to occur. Problem solved!",11 April 2024,Positive
No title,No rating,Just what I needed.  It is fast and it's not annoying. Used it for a small rig.,3 April 2024,Positive
No title,No rating,muy buen procesador 13700k va bien sigo us√°ndolo despu√©s de muchos meses sigue trabajando llego nuevo de paquete eso da confianza  algo caro pero estoy satisfecho,31 March 2024,Neutral
No title,No rating,STILL FIGHTING FOR OUT REFUND! ITEM WAS NOT IN BOX WHEN SHIPPED!!,16 March 2024,Negative
No title,No rating,Spend the money once and get a good processor you wont regret!,11 March 2024,Positive
No title,No rating,Has really improved my gaming and streaming services along faster and better than my 7th gen i7,10 March 2024,Positive
No title,No rating,"I bought this to replace my 10850k after I realized how much it was holding back my 4090.  I bought an ASRock z790 PG lightning /d4 board to go with it so I could use my existing DDR4 ram.  The difference was night and day!  I have an ID-Cooling 280mm AIO (cheapest I could find on Amazon) with a contact frame and kyronaut thermal grizzly extreme paste and does not thermal throttle on Cinebench R23 unless I run 3 or 4 passes back to back.  I am thrilled with how well this CPU runs.I was able to bump my DDR4 up to 4200mhz in gear 1 (timings cl20/26/26/26/48) after a bios update from ASRock and this thing is rock solid and crazy fast!  I get an average of 30500 in cinebench r23 and it will overclock as far as you want - I have taken it to 5.7 and it runs fine, it just thermal throttles quickly at that speed.  I'm pretty sure I could overclock this beast to the moon if I threw a lot more money into a custom cooling loop, but it is plenty fast as is.  I have no regrets about not bumping up to the 13900k, I do gaming and code compiling and it is a dream for both of those workloads.",8 March 2024,Positive
No title,No rating,without a doubt good CPU stays cool over clocked at 35 c runs good worth the money.,25 February 2024,Positive
No title,No rating,I didn‚Äôt even get a chance to use the product.,21 February 2024,Positive
No title,No rating,"No surprises here, the cpu functions exactly as advertised.",20 February 2024,Negative
No title,No rating,"Nothing to say, all is okay",20 February 2024,Positive
No title,No rating,Great value for my gaming PC :D,11 February 2024,Positive
No title,No rating,The return window closed and the processor stopped working. Negotiations with the manufacturer have not yet led to anything. Intel wants me to test the processor myself. Brilliant proposal.A large company that cannot quickly and efficiently resolve the issue of returns.,9 February 2024,Positive
No title,No rating,"Despacho r√°pido, el producto lleno todas las expectativas, Es un procesador muy r√°pido, en mi caso lo uso para el dise√±o grafico, en pocas palabras es espectacular...!",9 February 2024,Future Expectations
No title,No rating,its great. just buy it. or the 14700k.,9 February 2024,Positive
No title,No rating,i was waiting to install the cpu well i got the cpu box the seal was broken and no cpu was in the box,4 February 2024,Negative
No title,No rating,Description does not say used / renewed item.,2 February 2024,Neutral
No title,No rating,"I was close to give them a bad review but then I found out USPS was the problem with my delivery.  If possible, find another shipping method to avoid delays.  Product exactly as described, much needed! Now I can finish building my pc. Thank you",17 January 2024,Negative
No title,No rating,Works great.,17 January 2024,Positive
No title,No rating,"Nice processor works great, stays cool.",17 January 2024,Positive
No title,No rating,"Running in XMP mode, all cores synced, with ram clocked at 7200mhz! No problems whatsoever. Runs fast and cool compared to my old 5930k.",15 January 2024,Negative
No title,No rating,"Intel Core i7-13700K: Gaming Beast with Brawn and Bandwidth, But Not Without BiteOverall Rating: 4.5 out of 5 starsFor: Serious gamers, demanding content creators, overclocking enthusiasts, those upgrading from older systemsAgainst: Pricey compared to previous generations, runs hot, requires beefy coolingPerformance: 5 out of 5 starsThe i7-13700K packs a serious punch. Its hybrid architecture with 8 performance cores and 8 efficient cores tackles demanding tasks with ease. Whether you're pushing pixels in the latest AAA titles or crunching numbers in complex spreadsheets, this CPU thrives under pressure. In gaming, expect silky-smooth frames at 1440p and beyond, even in the most demanding titles. Compared to its predecessor, the i7-12700K, it offers a noticeable performance boost, especially in multi-threaded workloads.Overclocking: 4.5 out of 5 starsThe i7-13700K is an overclocker's dream. It offers plenty of headroom for pushing clock speeds, unlocking even more performance potential. However, remember that this comes at the cost of increased power consumption and heat generation. Ensure you have a robust cooling solution like a high-end air cooler or AIO liquid cooler to keep things under control.Features: 4 out of 5 starsThe i7-13700K boasts impressive specs: PCIe 5.0 support for next-gen hardware, DDR5 memory compatibility, and Intel UHD Graphics 770 for basic graphics needs. This future-proofs your build and ensures you're ready for the latest tech as it emerges. However, keep in mind that the cost of DDR5 memory might still be a drawback for some.Value: 4 out of 5 starsWhile the i7-13700K delivers fantastic performance, it comes at a premium price tag. Compared to previous generations, the cost per core has increased. However, it still offers compelling value compared to its closest competitor, the AMD Ryzen 7 7700X, especially for gaming. Remember, you'll need to factor in the cost of a capable cooler and potentially DDR5 memory, further impacting the overall value proposition.Things to Consider:Heat and Power Consumption: This CPU runs hot, especially under overclocking. Invest in a robust cooling solution to avoid thermal throttling.Price: The i7-13700K is expensive compared to older generations and slightly pricier than its main competitor. Consider your budget carefully.DDR5 Compatibility: While future-proof, DDR5 memory is still more expensive than DDR4. Factor this into your overall build cost.Final Verdict:The Intel Core i7-13700K is a top-tier processor for serious gamers, demanding content creators, and overclocking enthusiasts. Its blistering performance, PCIe 5.0 and DDR5 support, and overclocking headroom make it a future-proof powerhouse. However, the high price, heat generation, and DDR5 compatibility requirements might be dealbreakers for some. If you're looking for the ultimate in gaming and multi-core performance and have the budget for a premium build, the i7-13700K is a worthy investment. Just be prepared to feed it some serious watts and keep it cool.Note:This review is based on my own research and comparison of benchmarks. Your results may vary depending on your specific hardware and software configuration",11 January 2024,Competition Sentiment
No title,No rating,"It is what it is, an action packed CPU",10 January 2024,Neutral
No title,No rating,"The media could not be loaded.
                



In general - all mentioned in this review products are as described and working as described. Almost all deserve 5 stars (commented if one or more stars are taken off). Instead of reviewing item by item I decided to write one review for all products used for one specific PC build. The purpose of this PC build - fancy compact gaming system.Items used in this build:--Item 1) OCPC Mini ITX Case, Hydra Italy Mini ITX PC Case, Amazon https://www.amazon.com/gp/product/B0BK6D77DG/Very good case ‚Äì compact, cool looking and efficient. The black color is the only variant I found on Amazon. With only cooling from top-down CPU cooler, the i7-13700K based system passed the stress test very well. Riser cable is not included ‚Äì actually the riser cable for GPU orientation as shown on Amazon item photo does not exist. In order to build the system as shown, I bought a flexible riser cable (Item #2) and twisted it to 180¬∞. Another simpler solution is to install GPU upside down as presented by other reviewers on Amazon.--Item 2) EZDIY-FAB PCIE 4.0 16x Extreme High Speed Flexible Riser Cable PCI Express Port GPU Extension Card-Dual Reverse Connector for ITX [21cm]. Amazon https://www.amazon.com/gp/product/B09S5DW3RX/-Does the job - exactly what I need for the project. Note: During system build I have to remove the bracket from the cable male connector and install it back after passing cable through the case hole.--Item 3) Power supply: Cooler Master V750 SFX Gold Full Modular, 750W, Amazon https://www.amazon.com/gp/product/B08LP7B7FM/- Works as supposed to. PSU had a noticeable burning smell for about 5 days, considering this is normal for a new PSU. If you want to build more powerful gaming system, I recommend the PCIe 5.0 ready 850W SFX PSU, something like ARESGAME GL850 https://www.amazon.com/gp/product/B0CHDS4J33/SFX-L PSU will work in Hydra Mini as well, but cable management will be tougher.--Item 4) CPU: Intel Core i7-13700K, Amazon https://www.amazon.com/gp/product/B0BCF57FL5/- Good CPU, working well in gaming.--Item 5) Motherboard: ASUS ROG Strix B760-I Gaming WiFi, Amazon https://www.amazon.com/gp/product/B0BR8TVLPL/- Working as described, nice looking MB. Thank you, ASUS - now ROG motherboards have the Memtest86+ built in BIOS. This very helpful feature allows PC builders to check memory before operating system installation and prevent blue screens and failures during OS install and system use in case of defective memory.In my case originally ordered CORSAIR DOMINATOR PLATINUM RGB DDR5 RAM 64GB (2x32GB) 6400MHz (Amazon https://www.amazon.com/gp/product/B0C1R95SPW/) was defective. Both memory modules came to life and showed ok in BIOS but Memtest86+ got errors. I did test modules one by one in the same memory slot and found out that one of the modules is the cause of the failures. Returned the defective memory and bought another from a different brand (Item #6). ASUS ROG Motherboard chosen for the look. In my opinion the best Intel (or may be overall) mini ITX MB on the market is MSI MPG Z790I Edge WiFi Gaming Motherboard (Amazon https://www.amazon.com/gp/product/B0BHCJ6KQ2/ ) I own one and have a very best experience.--Item 6) Memory: TEAMGROUP T-Force Delta RGB DDR5 Ram 64GB (2x32GB) 6000MHz, Amazon https://www.amazon.com/gp/product/B0BNTV1945/-Very good product, works as described, nice looking, recognized by Aura Sync.--Item 7) Graphics Card: MSI Gaming GeForce RTX 4060 Ti 16GB, Amazon https://www.amazon.com/gp/product/B0CCFZMHSM/- Graphics card work as supposed to, have low power consumption. This GPU was chosen for the look only. Anyway, the presented system can play all modern games well at 1440p. But if you want the very good gaming experience, I will recommend at least RTX 4070 Ti like MSI Gaming GeForce RTX 4070 Ti Ventus 2X 12G OC. And the very best (talking about built on Hydra Italy Mini Case) will be the system with 850W PCIe 5.0 SFX PSU and:a) ¬†MSI MPG Z790I Edge WiFi Gaming Motherboard, Amazon https://www.amazon.com/gp/product/B0BHCJ6KQ2/b) Intel Core i9-13900KF, ¬†https://www.amazon.com/dp/B0BCFM3CJ4/c) ASUS ProArt GeForce RTX‚Ñ¢ 4080 16GB OC, ( Amazon https://www.amazon.com/dp/B0C75J66C8/). This compact GPU has included Graphics Card Holder which will work with presented builtI own all of these (a,b,c) components packed in another fancy mini ITX case (Phanteks PH-ES217A_BK02 Evolv Shift 2 Air Mini-ITX case, Fabric Side Panels) and they performed superb in games.--Item 8) SSD Disks:8.1) Primary (system): WD_BLACK 2TB SN850X NVMe Gen4 PCIe M.2 2280 WDS200T2X0E, Amazon https://www.amazon.com/gp/product/B0B7CMZ3QH/8.2) Secondary (backup and media data): Crucial P3 Plus 4TB PCIe Gen4 NVMe M.2 CT4000P3PSSD8, Amazon https://www.amazon.com/gp/product/B0B25M8FXX/- Very good products, works as described, no problems.--Item 9) Antec Power Supply Sleeved Cable, PSU Cables, PSU Extension Cable Kit / 1x24pin ATX / 2x8pin (4+4) EPS / 3X (6+2) pin PCI-E, 30cm Length with Combs, Dual EPS Red Amazon https://www.amazon.com/gp/product/B0BN3H2K17/- Perfect fit for this project, good cables, looks nice.--Item 10)CPU cooler: ID-COOLING IS-67-XT Black 67mm Height Low Profile CPU Cooler, Amazon https://www.amazon.com/gp/product/B0CFPY9CKZ/- Good design, keeps i7-13700K adequately cool in open Air PC Case. Mounting for regular size 120mm fan included. Easy installation - just install radiator 1st and mount fan after. ID-COOLING IS-67-XT chosen because of black color. In my opinion DeepCool AN600 Low Profile CPU Cooler (Amazon https://www.amazon.com/dp/B0C4P8ZPWT/) has a little bit better cooling performance (I have one in a very compact Flex ATX build).--Item 11) EZDIY-FAB Moonlight 120mm RGB PWM Case Fan, Amazon https://www.amazon.com/gp/product/B07X8T79QY/Good, quiet and nice-looking fan. Actually, it is a leftover piece from a 9 fans ATX tower system build. If you want to build a similar system with a similar look, I recommend Cooler Master MF120 Halo¬≤ Fan Duo-Ring ARGB (Amazon https://www.amazon.com/gp/product/B0BWKZGYXJ/). This fan has a similar look but has better airflow / air pressure.---Item 12) 24 Pin RGB Cable Extension Kit (used ARGB strip only), Amazon https://www.amazon.com/gp/product/B07WN4G7KC/- The power cable connector to MB too tight - did not go all the way down, afraid to broke the MB if try to apply more force (the regular PSU cable fits perfect). Connector to PSU too tight as well, but was able to connect all the way down. Actually, in reality the system with this cable does not look good (too much RGB). Did use ARGB strip only for decoration purposes on the GPU side.--Item 13) Thermal Paste: ARCTIC MX-6. Optional - I have a very good experience using this thermal paste brand and always using it for the builds (so thermal paste provided by ID-COOLING was not used). Amazon https://www.amazon.com/gp/product/B09VDLH5M6/-----------Overall, I assume the goal is reached - the presented system can play recent games and look very cool (in my humble opinion).",8 January 2024,Positive
No title,No rating,Producto de calidad,6 January 2024,Neutral
No title,No rating,RTX4070ti„Å®„ÅÆÁµÑ„ÅøÂêà„Çè„Åõ„Åß„ÄÅÁèæË°å„ÅÆ„Ç≤„Éº„É†„ÅÆ„Åª„Å®„Çì„Å©„ÅØ4KË®≠ÂÆö„Åß„Éó„É¨„Ç§Âá∫Êù•„Åæ„Åô„ÄÇÁ∞°ÊòìÊ∞¥ÂÜ∑„ÅßÂÜ∑„ÇÑ„Åó„Å¶„Åæ„Åô„Åå„ÄÅ„Ç≤„Éº„É†‰∏≠„Åß„ÇÇ„Éï„Ç°„É≥„ÅØÈùô„Åã„Åß„Åô„ÄÇ,29 December 2023,Neutral
No title,No rating,Open box/used good condition item. Purchased for my Wife's latest build... Wound up having a better memory controller than my old 13900KS ... runs reeeeally cool.,29 December 2023,Positive
No title,No rating,"Not a lot to review, it does as it was intended to do, and I have no complains (except they released the next gen, not even a week after I bought it. )",27 December 2023,Negative
No title,No rating,"The highest package temps my CPU gets while running multiple applications is 85 degrees Celsius. And that's only for brief moments. Average 68 - 75 degrees while gaming with high graphics games with youtube running in the background. Maxes at the 253 rated watts for me, which really is fine. Average of about 100 watts and computer overall idles @ 65 watts, which is 25 watts less than my old i7 4th gen. No need to undervolt this CPU, even though you can, you'll just be giving yourself future headaches if you do. During the Cinebench stress test you get temps that max out at 98 - 100 degrees Celsius, but remember that's absolute max mode, 99% of users will never use this CPU for more than several minutes at. If Intel's Extreme Tuning Utility does not automatically download when installing, definitely get it from intels website and learn to use it. It is easy to use, and you won't regret it. I just use it for monitoring performance, but you can use it for easy optimize and under/overvolt with too, but I'd recommend doing any of that through your motherboard BIOS if you decide to. Most new BIOS's are easier and safer for that kind of stuff anyway. Do your research on which to use and how. Long story short if you want max performance to play around with just get a i9 processor, that's what those are made for, for everyone else there's this one!",26 December 2023,Future Expectations
No title,No rating,S√∫per sexy,25 December 2023,Positive
No title,No rating,Runs like a champ.,23 December 2023,Positive
No title,No rating,"One year later, this CPU has completely failed. Not an issue with any other of my components, everything else is working fine with including PSU with a new CPU. Very disappointed in the quality control from Intel on this chip. It's had very low temperatures from a large liquid cooler its entire life.",21 December 2023,Negative
No title,No rating,"Paired with my 3060ti founders edition, I have yet to run a game that seems like this combo couldn‚Äôt handle. Apart from gaming it can handle multiple instances of tasks and run them all seamlessly. This is the most powerful CPU I‚Äôve had but it still impresses me how fast everything is and I have not seen its limits yet.",18 December 2023,Positive
No title,No rating,I wanted speed without breaking the bank and this CPU fits the bill. Runs a little hot but not too much to handle with an AIO water cooler (I use a Deepcool LT520). Pleased with my build.,18 December 2023,Positive
No title,No rating,"I use it for general purpose, I am not a gamer.",18 December 2023,Neutral
No title,No rating,No working,15 December 2023,Negative
No title,No rating,So I am building my new system starting with I7-13700k upgrading from my pre built Alienware I7-9700k it came out incredible and fast. Love Intel.,15 December 2023,Positive
No title,No rating,"Absolutely great CPU, fast, efficient, and perfect for gaming. It‚Äôs the ideal CPU for gamers, especially coming from a 9700k. I noticed drastic improvements in my gaming and I highly recommend for others. Great buy.",14 December 2023,Positive
No title,No rating,"La segunda compra del producto, cumpli√≥ con sus caracter√≠sticas.",13 December 2023,Neutral
No title,No rating,Great processor. Hella fast. Overclock turns this thing into a beast. Top notch silicon!,10 December 2023,Positive
No title,No rating,"I upgraded my 5-year-old PC with a new CPU, MB, and DDR5 DRAM, and I was amazed by the performance boost. It's a gamer's paradise with no technical issues and a smoother, faster experience.",8 December 2023,Positive
No title,No rating,"My previous build had an i7-9700K and after 5 years of abuse, I decided to upgrade in this new build to an i7-13700K and I'm not disappointed.  It's a great CPU and is handling everything I throw at it.  Stays cool even without a fancy AIO / liquid cooling setup.  During the process of installing the CPU on the socket, it fell into place perfectly, but when adjusting the motherboard arm to secure the CPU into the socket, it did feel I had to put a bit more force than I would have thought necessary, but it clicked into place and is running smoothly with no issues.  Highly recommended!=====Complete Parts List=====MSI MAG Z790 Tomahawk WiFi LGA 1700 ATX Motherboard -https://www.newegg.com/p/N82E16813144567?item=N82E16813144567Cable Matters 2-Pack 3 way 4 pin PWM Fan Splitter -https://www.amazon.com/dp/B07PXLHNZ6?psc=1&ref=ppx_yo2ov_dt_b_product_detailsArctic MX-4 Thermal Paste -https://www.amazon.com/dp/B0795DP124?psc=1&ref=ppx_yo2ov_dt_b_product_detailsCableMod C-Series Classic ModMesh Sleeved Cable Kit -https://www.amazon.com/dp/B07HMJ6GNJ?psc=1&ref=ppx_yo2ov_dt_b_product_details(2x) Corsair Vengeance DDR5 RAM 5600MHz CL36 -https://www.amazon.com/dp/B09WH64X5M?psc=1&ref=ppx_yo2ov_dt_b_product_detailsASUS Dual GeForce RTX 4070 White OC 12GB DDR6X -https://www.amazon.com/dp/B0C4BZZWJM?psc=1&ref=ppx_yo2ov_dt_b_product_detailsNZXT H9 Flow Dual-Chamber Mid-Tower -https://www.amazon.com/dp/B0BG1GQKKY?psc=1&ref=ppx_yo2ov_dt_b_product_details(2x) Corsair LL120 RGB Triple Pack -https://www.amazon.com/dp/B07LF1B1Y8?psc=1&ref=ppx_yo2ov_dt_b_product_detailsIntel i7-13700K 16core -https://www.amazon.com/dp/B0BCF57FL5?psc=1&ref=ppx_yo2ov_dt_b_product_detailsCorsair RM850x Full Modular ATX PSU -https://www.amazon.com/dp/B08R5JPTMZ?psc=1&ref=ppx_yo2ov_dt_b_product_detailsRocketek 9pin USB Header Splitter -https://www.amazon.com/dp/B085KVH16T?psc=1&ref=ppx_yo2ov_dt_b_product_detailsDeepCool AK400 CPU Cooler -https://www.amazon.com/dp/B09PCWK7SP?psc=1&ref=ppx_yo2ov_dt_b_product_detailsSamsung 970 Evo Plus 1TB NVMe M.2 SSD -https://www.amazon.com/dp/B07MFZY2F2?psc=1&ref=ppx_yo2ov_dt_b_product_details",6 December 2023,Competition Sentiment
No title,No rating,Excellent processor.,6 December 2023,Positive
No title,No rating,"fast arrived, well package, safetly packaged, but , one thing i almost put 1 star the delivery person put the box on a heating radiator in my appartement entrance, but overall product is high quality",3 December 2023,Positive
No title,No rating,"I love this chip, fast and efficient also stays cool with my 280MM AIO.  I had to replace my MB and Intel i7 8th gen 8700K so got this over the i9 and could not be happier.  Wish Intel would drop their prices but it is a value for what you get",3 December 2023,Future Expectations
No title,No rating,Excelente por el precio,3 December 2023,Neutral
No title,No rating,But it runs very hot and needs a massive cooling system.  Even with the system I have I cannot overclock because it would exceed temp limits.,1 December 2023,Neutral
No title,No rating,Mise √† niveau d'un 12600kfPas de diference marqu√© en jeux  entre 2-5 framesGrande dif√©rence  en aplication.j'ai eu la chance d'acheter  en rabais  black friday .,27 November 2023,Positive
No title,No rating,Might be overkill for most builds since i5 13600k is a very good choice as well.,27 November 2023,Positive
No title,No rating,Except the i9! Beautifully powerful processor. Very happy with it.,26 November 2023,Positive
No title,No rating,There is a very slight non noticeable difference between it and the i9-14900k which makes this one very good deal in terms of valueWorks great and no complaints,25 November 2023,Positive
No title,No rating,broken on arival,25 November 2023,Competition Sentiment
No title,No rating,"Extremely powerful for the money, handled AAA games with ease. Would recommend for anyone‚Äôs PC build.",24 November 2023,Positive
No title,No rating,Super fast and stable CPU. Note that it can run hot because of the higher voltage it can use. I made sure to get a nice AIO for it. Coupled with an arctic freeze II 306 it rarely gets above 30C.,22 November 2023,Positive
No title,No rating,"I had a Ryzen 7 3800xt cpu for a while now so I went for a new upgrade and went for Intel for this generation. This processor works faster and better compared to what I had previously. This cpu is basicaly like an efficient i9 12900k, so if your looking for a high end processor just get this 13th gen. Also at this time the 14th gen i7 just got released but based on the reviews its more like a 13th gen Intel ks proccesor. That why I never went that route.",22 November 2023,Positive
No title,No rating,"Quoi dire de plus que du intel reste du intel! Stable en temp√©rature, performances incroyables rien a dire de plus!",16 November 2023,Negative
No title,No rating,16 n√∫cleos y 24 hilos.  MUY estable incluso en pruebas bench (desde luego con una buena refrigeraci√≥n y RAM),15 November 2023,Neutral
No title,No rating,be careful this kind of CPU come without the Cpu Fan. you need buy another Fans for installtion.,2 November 2023,Negative
No title,No rating,"I use this i7-13700K every day for about a year. I have Crucial RAM 64GB Kit (2x32GB) DDR5 4800MT/s CL40 Desktop Memory CT2K32G48C40U5 modules (4 of them), a Corsair RM1000x (2021) Fully Modular ATX Power Supply in a Phanteks Enthoo Pro Full Tower Chassis without Window Cases PH-ES614PC_BK in service for about one year as I write this review. For the most part, assembly was very easy. I do video editing, audio editing, streaming, wordprocessing, browsing and email with my setup. I use all of my SATA ports and even have a plug-in eSATA card for more ports. So most of my drive bays are filled. The cpu, dram and everything I have connected to my power supply and motherboard has been rock solid stable, and the case holds in all together. It just works exactly the way I want and have no anomalies. The power supply, motherboard and all components run cool in the case with an i7-13700K CPU, 128 GB of Crucial DDR5-4800 that is clocked at 5200 automatically set by the motherboard itself. My video card is a the very modest ASUS GeForce GT 1030 2GB GDDR5 HDMI DVI Graphics Card (GT1030-2G-CSM) because I transitioned my ancient setup from MBR to GPT and needed to be able to boot the old system in the new motherboard before updating the Windows 10 Pro config to GPT UEFI and still be able to boot legacy devices. Everything just worked like a Swiss Chronograph. I strongly recommend this cpu, dram, the power supply, the case, the ASUS ProArt Z790-Creator WiFi 6E LGA 1700, the Asus video card, and am also recommending the Crucial MX500 SATA drives I use. Is it all of this the fastest? I have no idea. Does it boot and work reliably everytime so far? Absolutely!",1 November 2023,Positive
No title,No rating,Product is great. Delivery was a let down.,1 November 2023,Positive
No title,No rating,procesador muy r√°pido al procesar videos,30 October 2023,Neutral
No title,No rating,Superbe achat üëç,27 October 2023,Neutral
No title,No rating,"What can you say about this processor that hasn't already been said. Just know you need a good cooler on it, because it does get HOT! Performance is great and with Intel's XTU app it is easy to overclock and achieve even more.",26 October 2023,Positive
No title,No rating,"Lors de la r√©ception du produit, le CPU √©tait dans son √©tui de plastique, mais celui-ci se baladait dans la bo√Æte. Heureusement, apr√®s l‚Äôavoir install√©, celui-ci ne semble pas en avoir souffert. Les performances sont au rendez-vous. Je vous invite en prendre votre produit en photo si vous le recevez dans cet √©tat avant de l‚Äôouvrir en cas de d√©fectuosit√© du processeur. Je crois que cela facilitera vos √©changes pour un √©ventuel remplacement ou remboursement.",23 October 2023,Positive
No title,No rating,El procesador lleg√≥ sin ning√∫n problema y sin da√±os en el empaque. Me ha funcionado muy bien para hacer overclocking.,22 October 2023,Negative
No title,No rating,"O processador √© excelente, mas entrega ficou a desejar, pois demorou muito, outro detalhe a caixa chegou toda amassada, sorte n√£o ter danificado o processador.",19 October 2023,Neutral
No title,No rating,"Bought it for $373 on Prime Day, two days later it dropped to $364.99 (14700k came out). That's the only complain I could have.",18 October 2023,Negative
No title,No rating,"fast cpu, did not come with a cpu cooler. Make sure you get agood cpu cooler if you play games!!! This cpu runs very HOTif you max it out. Recommend water cooler or LARGE air cooled.",16 October 2023,Positive
No title,No rating,good intel cpu but overpriced. good graphics with intel 770 uhd.,15 October 2023,Positive
No title,No rating,I use this CPU for gaming + Work and it crushes anything I throw at it.Best CPU i've ever owned.,10 October 2023,Negative
No title,No rating,The build is: Intel Core i7 13700K+ MSI MAG Z790 TOMAHAWK WIFI Motherboard DDR5 + MSI GeForce RTX 4060 Ti VENTUS 3X 8G OC + 2x CORSAIR VENGEANCE DDR5 RAM 32GB (2x16GB) 6400MHz CL32 + Cooler Master MasterLiquid PL240 Flux CPU Liquid Cooler = Just a Perfect build!,10 October 2023,Positive
No title,No rating,"Realmente esperaba que tardara un poco m√°s, pero lleg√≥ m√°s r√°pido de lo que esperaba. Muy bien empacado y protegido 10/10",9 October 2023,Neutral
